"name","Cocreate_root","KT_root","NT_root","freq_cocreate","freq_KT","freq_NT","Total_doc","Tfidf_cocreate","Tfidf_KT","Tfidf_neutral","assigned_category","attribute_2"
"absorptive capacity",0,1,0,0,1,1,2,0,2.82477646247555,2.90145832139611,"Neutral","Knowledge Transfer Root Key"
"academies",0,0,0,0,1,1,2,0,2.82477646247555,2.90145832139611,"Neutral","Co-occurred Key"
"acceleration",0,0,0,3,5,15,23,6.87898212020232,10.6290322906976,25.8805059351065,"Neutral","Co-occurred Key"
"access to finance",0,0,1,0,3,21,24,0,7.04296562326765,33.1640195599061,"Neutral","Neutral Root Key"
"access to foreign markets",0,0,1,0,0,1,1,0,0,2.90145832139611,"Neutral","Neutral Root Key"
"access to infrastructure",0,0,1,1,3,3,7,2.7701152947871,7.04296562326765,7.27301120002935,"Neutral","Neutral Root Key"
"access to knowledge",0,0,1,1,1,5,7,2.7701152947871,2.82477646247555,11.0124415853005,"Neutral","Neutral Root Key"
"access to knowledge ",0,0,1,0,1,2,3,0,2.82477646247555,5.20085665146426,"Neutral","Neutral Root Key"
"access to publications",0,0,1,0,0,1,1,0,0,2.90145832139611,"Neutral","Neutral Root Key"
"accountability",0,0,0,4,4,2,10,8.67222121383656,8.89086588459033,5.20085665146426,"Knowledge Transfer","Co-occurred Key"
"adaptive capacity",0,0,1,0,0,2,2,0,0,5.20085665146426,"Neutral","Neutral Root Key"
"administrative framework",0,0,0,0,0,1,1,0,0,2.90145832139611,"Neutral","Co-occurred Key"
"adoption",0,1,0,2,85,22,109,4.93817059824624,76.1053906247065,34.2987840926259,"Knowledge Transfer","Knowledge Transfer Root Key"
"adverse effect",0,0,0,0,0,1,1,0,0,2.90145832139611,"Neutral","Co-occurred Key"
"aerospace",0,0,0,1,0,1,2,2.7701152947871,0,2.90145832139611,"Neutral","Co-occurred Key"
"ageing societies",0,0,0,1,0,0,1,2.7701152947871,0,0,"Co-creation","Co-occurred Key"
"agriculture",0,0,0,11,11,6,28,19.0159487059176,19.6172215504905,12.7398424260748,"Knowledge Transfer","Co-occurred Key"
"ai strategy",0,0,0,3,2,5,10,6.87898212020232,5.04749293362313,11.0124415853005,"Neutral","Co-occurred Key"
"antitrust legislation",1,0,0,1,0,0,1,2.7701152947871,0,0,"Co-creation","Cocreate Root Key"
"applied research",0,0,0,18,26,19,63,27.2671702143083,36.6548809771229,30.8313896884224,"Knowledge Transfer","Co-occurred Key"
"artificial intelligence",0,0,0,31,35,39,105,39.6413616295377,44.8247946343844,51.1053548604149,"Neutral","Co-occurred Key"
"artificial intelligence policy",0,0,0,0,1,1,2,0,2.82477646247555,2.90145832139611,"Neutral","Co-occurred Key"
"arts",0,0,0,3,7,3,13,6.87898212020232,13.857748957229,7.27301120002935,"Knowledge Transfer","Co-occurred Key"
"augmented reality",0,0,0,1,0,0,1,2.7701152947871,0,0,"Co-creation","Co-occurred Key"
"automotive",0,0,0,2,2,1,5,4.93817059824624,5.04749293362313,2.90145832139611,"Knowledge Transfer","Co-occurred Key"
"bachelor's degree",0,0,0,1,0,0,1,2.7701152947871,0,0,"Co-creation","Co-occurred Key"
"banking systems",0,0,0,0,0,2,2,0,0,5.20085665146426,"Neutral","Co-occurred Key"
"barriers to innovation",0,0,0,1,1,0,2,2.7701152947871,2.82477646247555,0,"Knowledge Transfer","Co-occurred Key"
"base of the pyramid",0,0,0,1,1,3,5,2.7701152947871,2.82477646247555,7.27301120002935,"Neutral","Co-occurred Key"
"basic research",0,0,0,26,17,16,59,35.2336906172234,27.1035681986536,27.157413419843,"Co-creation","Co-occurred Key"
"benchmarking",0,0,0,2,2,1,5,4.93817059824624,5.04749293362313,2.90145832139611,"Knowledge Transfer","Co-occurred Key"
"big data",0,0,0,1,0,2,3,2.7701152947871,0,5.20085665146426,"Neutral","Co-occurred Key"
"bio-economy",0,0,0,9,2,1,12,16.34285506813,5.04749293362313,2.90145832139611,"Co-creation","Co-occurred Key"
"bio-innovation",0,0,0,1,0,0,1,2.7701152947871,0,0,"Co-creation","Co-occurred Key"
"biodiversity",0,0,0,7,3,3,13,13.4751207834099,7.04296562326765,7.27301120002935,"Co-creation","Co-occurred Key"
"biomarkers",0,0,0,1,0,0,1,2.7701152947871,0,0,"Co-creation","Co-occurred Key"
"biotechnology",0,0,0,12,6,6,24,20.2912085848737,12.2797512725514,12.7398424260748,"Co-creation","Co-occurred Key"
"brain circulation",1,0,0,18,3,1,22,27.2671702143083,7.04296562326765,2.90145832139611,"Co-creation","Cocreate Root Key"
"brain drain",0,1,0,0,5,0,5,0,10.6290322906976,0,"Knowledge Transfer","Knowledge Transfer Root Key"
"brain drain ",0,1,0,2,10,2,14,4.93817059824624,18.2477646247555,5.20085665146426,"Knowledge Transfer","Knowledge Transfer Root Key"
"broadband",0,0,0,0,0,2,2,0,0,5.20085665146426,"Neutral","Co-occurred Key"
"business angels",0,0,0,1,1,11,13,2.7701152947871,2.82477646247555,20.4607219986168,"Neutral","Co-occurred Key"
"business cycle",0,0,0,0,0,1,1,0,0,2.90145832139611,"Neutral","Co-occurred Key"
"business development",0,0,0,2,6,11,19,4.93817059824624,12.2797512725514,20.4607219986168,"Neutral","Co-occurred Key"
"business environment",0,0,0,4,6,6,16,8.67222121383656,12.2797512725514,12.7398424260748,"Neutral","Co-occurred Key"
"business models",0,0,0,4,17,17,38,8.67222121383656,27.1035681986536,28.4071598003033,"Neutral","Co-occurred Key"
"business networks",0,0,1,2,2,8,12,4.93817059824624,5.04749293362313,15.9869466752333,"Neutral","Neutral Root Key"
"business plans",0,0,0,1,3,5,9,2.7701152947871,7.04296562326765,11.0124415853005,"Neutral","Co-occurred Key"
"business skills",0,0,0,0,1,0,1,0,2.82477646247555,0,"Knowledge Transfer","Co-occurred Key"
"business support ",0,0,0,0,2,4,6,0,5.04749293362313,9.1975933202726,"Neutral","Co-occurred Key"
"business training",0,0,0,2,2,3,7,4.93817059824624,5.04749293362313,7.27301120002935,"Neutral","Co-occurred Key"
"cancer",0,0,0,1,0,1,2,2.7701152947871,0,2.90145832139611,"Neutral","Co-occurred Key"
"capital markets",0,0,0,0,1,3,4,0,2.82477646247555,7.27301120002935,"Neutral","Co-occurred Key"
"centres of excellence",0,0,0,6,4,3,13,11.9517842664207,8.89086588459033,7.27301120002935,"Co-creation","Co-occurred Key"
"certification",0,0,0,2,6,4,12,4.93817059824624,12.2797512725514,9.1975933202726,"Knowledge Transfer","Co-occurred Key"
"circular economy",0,0,0,5,2,2,9,10.3557264522554,5.04749293362313,5.20085665146426,"Co-creation","Co-occurred Key"
"citizen science",0,0,0,2,0,4,6,4.93817059824624,0,9.1975933202726,"Neutral","Co-occurred Key"
"civil society",0,0,0,7,5,5,17,13.4751207834099,10.6290322906976,11.0124415853005,"Co-creation","Co-occurred Key"
"clean energy",0,0,0,7,5,1,13,13.4751207834099,10.6290322906976,2.90145832139611,"Co-creation","Co-occurred Key"
"climate change",0,0,0,16,5,6,27,25.0559249940988,10.6290322906976,12.7398424260748,"Co-creation","Co-occurred Key"
"cloud computing",0,0,0,1,0,2,3,2.7701152947871,0,5.20085665146426,"Neutral","Co-occurred Key"
"cluster policy",0,0,1,1,0,3,4,2.7701152947871,0,7.27301120002935,"Neutral","Neutral Root Key"
"co-authorship",1,0,0,1,0,1,2,2.7701152947871,0,2.90145832139611,"Neutral","Cocreate Root Key"
"co-creation",1,0,0,14,2,1,17,22.7358216275241,5.04749293362313,2.90145832139611,"Co-creation","Cocreate Root Key"
"co-investment fund",1,0,0,5,2,2,9,10.3557264522554,5.04749293362313,5.20085665146426,"Co-creation","Cocreate Root Key"
"co2",0,0,0,2,2,0,4,4.93817059824624,5.04749293362313,0,"Knowledge Transfer","Co-occurred Key"
"coaching",0,0,0,0,2,6,8,0,5.04749293362313,12.7398424260748,"Neutral","Co-occurred Key"
"collaborative innovation",1,0,0,5,0,1,6,10.3557264522554,0,2.90145832139611,"Co-creation","Cocreate Root Key"
"collaborative research",1,0,0,43,4,3,50,48.8758140859231,8.89086588459033,7.27301120002935,"Co-creation","Cocreate Root Key"
"colleges",0,0,0,0,4,0,4,0,8.89086588459033,0,"Knowledge Transfer","Co-occurred Key"
"commercialisation",0,1,0,24,217,50,291,33.3576972738119,105.964730112062,60.1244158530047,"Knowledge Transfer","Knowledge Transfer Root Key"
"commercialisation of public research",0,1,0,0,4,2,6,0,8.89086588459033,5.20085665146426,"Knowledge Transfer","Knowledge Transfer Root Key"
"communities of practice",0,0,0,0,0,1,1,0,0,2.90145832139611,"Neutral","Co-occurred Key"
"comparative advantage",0,0,0,0,2,0,2,0,5.04749293362313,0,"Knowledge Transfer","Co-occurred Key"
"competence centres",0,0,0,2,2,1,5,4.93817059824624,5.04749293362313,2.90145832139611,"Knowledge Transfer","Co-occurred Key"
"competitive advantage",0,0,0,3,4,2,9,6.87898212020232,8.89086588459033,5.20085665146426,"Knowledge Transfer","Co-occurred Key"
"competitive environment",0,0,0,2,2,1,5,4.93817059824624,5.04749293362313,2.90145832139611,"Knowledge Transfer","Co-occurred Key"
"competitive funding",0,0,0,3,4,3,10,6.87898212020232,8.89086588459033,7.27301120002935,"Knowledge Transfer","Co-occurred Key"
"competitive grants",0,0,0,1,3,3,7,2.7701152947871,7.04296562326765,7.27301120002935,"Neutral","Co-occurred Key"
"competitive research funding",0,0,0,1,0,0,1,2.7701152947871,0,0,"Co-creation","Co-occurred Key"
"complementarity",0,0,0,3,2,2,7,6.87898212020232,5.04749293362313,5.20085665146426,"Co-creation","Co-occurred Key"
"complexity",0,0,0,3,4,4,11,6.87898212020232,8.89086588459033,9.1975933202726,"Neutral","Co-occurred Key"
"computer science",0,0,0,1,0,1,2,2.7701152947871,0,2.90145832139611,"Neutral","Co-occurred Key"
"confidentiality",0,0,0,0,0,5,5,0,0,11.0124415853005,"Neutral","Co-occurred Key"
"conglomerate",0,0,0,0,0,1,1,0,0,2.90145832139611,"Neutral","Co-occurred Key"
"consultancy",0,0,0,1,8,8,17,2.7701152947871,15.3734918038688,15.9869466752333,"Neutral","Co-occurred Key"
"consultants",0,0,0,1,2,4,7,2.7701152947871,5.04749293362313,9.1975933202726,"Neutral","Co-occurred Key"
"contract research",0,1,0,1,3,1,5,2.7701152947871,7.04296562326765,2.90145832139611,"Knowledge Transfer","Knowledge Transfer Root Key"
"copyright",0,1,0,1,13,5,19,2.7701152947871,22.2408304321932,11.0124415853005,"Knowledge Transfer","Knowledge Transfer Root Key"
"copyright law",0,1,0,0,2,0,2,0,5.04749293362313,0,"Knowledge Transfer","Knowledge Transfer Root Key"
"corporate social responsibility",0,0,0,1,0,0,1,2.7701152947871,0,0,"Co-creation","Co-occurred Key"
"cost-benefit analysis",0,0,0,1,0,0,1,2.7701152947871,0,0,"Co-creation","Co-occurred Key"
"creative industries",0,0,0,4,3,1,8,8.67222121383656,7.04296562326765,2.90145832139611,"Co-creation","Co-occurred Key"
"creativity",0,0,0,3,6,3,12,6.87898212020232,12.2797512725514,7.27301120002935,"Knowledge Transfer","Co-occurred Key"
"credit markets",0,0,0,0,1,1,2,0,2.82477646247555,2.90145832139611,"Neutral","Co-occurred Key"
"critical infrastructure",0,0,0,0,2,0,2,0,5.04749293362313,0,"Knowledge Transfer","Co-occurred Key"
"critical mass",0,0,0,1,5,7,13,2.7701152947871,10.6290322906976,14.394521969673,"Neutral","Co-occurred Key"
"critical technology",0,0,0,1,2,1,4,2.7701152947871,5.04749293362313,2.90145832139611,"Knowledge Transfer","Co-occurred Key"
"cross-government",0,0,0,2,3,3,8,4.93817059824624,7.04296562326765,7.27301120002935,"Neutral","Co-occurred Key"
"crowdfunding",0,0,0,0,0,3,3,0,0,7.27301120002935,"Neutral","Co-occurred Key"
"curricula",0,0,0,2,1,4,7,4.93817059824624,2.82477646247555,9.1975933202726,"Neutral","Co-occurred Key"
"cybersecurity",0,0,0,3,5,7,15,6.87898212020232,10.6290322906976,14.394521969673,"Neutral","Co-occurred Key"
"data access",0,0,1,0,1,3,4,0,2.82477646247555,7.27301120002935,"Neutral","Neutral Root Key"
"data analytics",0,0,0,0,1,1,2,0,2.82477646247555,2.90145832139611,"Neutral","Co-occurred Key"
"data protection",0,0,0,2,0,0,2,4.93817059824624,0,0,"Co-creation","Co-occurred Key"
"data scientist",0,0,0,0,0,1,1,0,0,2.90145832139611,"Neutral","Co-occurred Key"
"debt financing",0,0,0,0,0,1,1,0,0,2.90145832139611,"Neutral","Co-occurred Key"
"decentralisation",0,0,0,1,0,1,2,2.7701152947871,0,2.90145832139611,"Neutral","Co-occurred Key"
"decision-making process",0,0,0,6,2,6,14,11.9517842664207,5.04749293362313,12.7398424260748,"Neutral","Co-occurred Key"
"deep learning",0,0,1,0,0,2,2,0,0,5.20085665146426,"Neutral","Neutral Root Key"
"defence",0,0,0,6,3,3,12,11.9517842664207,7.04296562326765,7.27301120002935,"Co-creation","Co-occurred Key"
"dementia",0,0,0,1,0,0,1,2.7701152947871,0,0,"Co-creation","Co-occurred Key"
"demographic change",0,0,0,3,0,0,3,6.87898212020232,0,0,"Co-creation","Co-occurred Key"
"deregulation",0,0,0,0,1,1,2,0,2.82477646247555,2.90145832139611,"Neutral","Co-occurred Key"
"development programmes",0,0,0,2,7,6,15,4.93817059824624,13.857748957229,12.7398424260748,"Knowledge Transfer","Co-occurred Key"
"diaspora",0,0,0,2,2,1,5,4.93817059824624,5.04749293362313,2.90145832139611,"Knowledge Transfer","Co-occurred Key"
"diffusion",0,1,0,4,26,7,37,8.67222121383656,36.6548809771229,14.394521969673,"Knowledge Transfer","Knowledge Transfer Root Key"
"digital economy",0,0,0,3,4,4,11,6.87898212020232,8.89086588459033,9.1975933202726,"Neutral","Co-occurred Key"
"digital service",0,0,0,1,0,1,2,2.7701152947871,0,2.90145832139611,"Neutral","Co-occurred Key"
"digital skills",0,0,0,2,4,6,12,4.93817059824624,8.89086588459033,12.7398424260748,"Neutral","Co-occurred Key"
"digital technology",0,0,0,4,11,9,24,8.67222121383656,19.6172215504905,17.5249423076111,"Knowledge Transfer","Co-occurred Key"
"digital transformation",0,0,0,2,10,7,19,4.93817059824624,18.2477646247555,14.394521969673,"Knowledge Transfer","Co-occurred Key"
"digitalisation",0,0,0,10,5,5,20,17.701152947871,10.6290322906976,11.0124415853005,"Co-creation","Co-occurred Key"
"direct funding of business research and development",0,0,0,0,0,2,2,0,0,5.20085665146426,"Neutral","Co-occurred Key"
"disruptive innovation",0,0,0,1,2,0,3,2.7701152947871,5.04749293362313,0,"Knowledge Transfer","Co-occurred Key"
"disruptive technology",0,0,0,0,3,3,6,0,7.04296562326765,7.27301120002935,"Neutral","Co-occurred Key"
"distributed learning",0,0,1,0,1,1,2,0,2.82477646247555,2.90145832139611,"Neutral","Neutral Root Key"
"doctoral degree",0,0,0,4,3,2,9,8.67222121383656,7.04296562326765,5.20085665146426,"Co-creation","Co-occurred Key"
"doctoral graduate",0,0,0,2,3,2,7,4.93817059824624,7.04296562326765,5.20085665146426,"Knowledge Transfer","Co-occurred Key"
"doctoral level",0,0,0,14,13,13,40,22.7358216275241,22.2408304321932,23.2376945981606,"Neutral","Co-occurred Key"
"domestic markets",0,0,0,2,1,0,3,4.93817059824624,2.82477646247555,0,"Co-creation","Co-occurred Key"
"driverless car",0,0,0,0,0,1,1,0,0,2.90145832139611,"Neutral","Co-occurred Key"
"dual-use technologies",0,0,0,1,0,0,1,2.7701152947871,0,0,"Co-creation","Co-occurred Key"
"due diligence",0,0,0,0,1,2,3,0,2.82477646247555,5.20085665146426,"Neutral","Co-occurred Key"
"e-commerce",0,0,0,0,3,0,3,0,7.04296562326765,0,"Knowledge Transfer","Co-occurred Key"
"early-career researchers",0,0,0,16,11,6,33,25.0559249940988,19.6172215504905,12.7398424260748,"Co-creation","Co-occurred Key"
"early stage",0,0,0,6,26,40,72,11.9517842664207,36.6548809771229,51.975933202726,"Neutral","Co-occurred Key"
"economic performance",0,0,0,0,0,1,1,0,0,2.90145832139611,"Neutral","Co-occurred Key"
"education institutes",0,0,0,1,1,0,2,2.7701152947871,2.82477646247555,0,"Knowledge Transfer","Co-occurred Key"
"education policies",0,0,0,1,1,1,3,2.7701152947871,2.82477646247555,2.90145832139611,"Neutral","Co-occurred Key"
"education sector",0,0,0,3,3,7,13,6.87898212020232,7.04296562326765,14.394521969673,"Neutral","Co-occurred Key"
"education system",0,0,0,4,0,2,6,8.67222121383656,0,5.20085665146426,"Co-creation","Co-occurred Key"
"electronics",0,0,0,0,2,1,3,0,5.04749293362313,2.90145832139611,"Knowledge Transfer","Co-occurred Key"
"emergence",0,0,0,3,4,5,12,6.87898212020232,8.89086588459033,11.0124415853005,"Neutral","Co-occurred Key"
"emerging markets",0,0,0,3,0,2,5,6.87898212020232,0,5.20085665146426,"Co-creation","Co-occurred Key"
"emerging technologies",0,0,0,4,6,4,14,8.67222121383656,12.2797512725514,9.1975933202726,"Knowledge Transfer","Co-occurred Key"
"emissions",0,0,0,5,9,2,16,10.3557264522554,16.834805577326,5.20085665146426,"Knowledge Transfer","Co-occurred Key"
"energy",0,0,0,25,22,14,61,34.3043821528766,32.6117831963735,24.5746240000502,"Co-creation","Co-occurred Key"
"energy consumption",0,0,0,0,2,0,2,0,5.04749293362313,0,"Knowledge Transfer","Co-occurred Key"
"energy efficiency",0,0,0,3,5,2,10,6.87898212020232,10.6290322906976,5.20085665146426,"Knowledge Transfer","Co-occurred Key"
"energy technologies",0,0,0,2,2,0,4,4.93817059824624,5.04749293362313,0,"Knowledge Transfer","Co-occurred Key"
"energy use",0,0,0,0,1,0,1,0,2.82477646247555,0,"Knowledge Transfer","Co-occurred Key"
"enforcement",0,0,0,0,11,9,20,0,19.6172215504905,17.5249423076111,"Knowledge Transfer","Co-occurred Key"
"engineering",0,0,0,72,108,105,285,65.72036148162,85.4660923547684,92.4282473442483,"Neutral","Co-occurred Key"
"engineers",0,0,0,2,3,3,8,4.93817059824624,7.04296562326765,7.27301120002935,"Neutral","Co-occurred Key"
"entrepreneurial capabilities ",0,0,0,0,0,1,1,0,0,2.90145832139611,"Neutral","Co-occurred Key"
"entrepreneurial climate",0,0,0,0,1,0,1,0,2.82477646247555,0,"Knowledge Transfer","Co-occurred Key"
"entrepreneurial culture",0,0,0,0,0,3,3,0,0,7.27301120002935,"Neutral","Co-occurred Key"
"entrepreneurial education",0,0,0,0,1,0,1,0,2.82477646247555,0,"Knowledge Transfer","Co-occurred Key"
"entrepreneurship culture",0,0,0,0,1,3,4,0,2.82477646247555,7.27301120002935,"Neutral","Co-occurred Key"
"entrepreneurship education",0,0,0,0,1,2,3,0,2.82477646247555,5.20085665146426,"Neutral","Co-occurred Key"
"environmental challenges",1,0,0,7,0,0,7,13.4751207834099,0,0,"Co-creation","Cocreate Root Key"
"environmental sustainability",0,0,0,2,0,0,2,4.93817059824624,0,0,"Co-creation","Co-occurred Key"
"environmental technologies",0,0,0,2,2,1,5,4.93817059824624,5.04749293362313,2.90145832139611,"Knowledge Transfer","Co-occurred Key"
"ethical guideline",0,0,0,0,1,0,1,0,2.82477646247555,0,"Knowledge Transfer","Co-occurred Key"
"ethical principle",0,0,0,2,1,1,4,4.93817059824624,2.82477646247555,2.90145832139611,"Co-creation","Co-occurred Key"
"ethics",0,0,0,6,8,9,23,11.9517842664207,15.3734918038688,17.5249423076111,"Neutral","Co-occurred Key"
"european community",0,0,0,1,0,0,1,2.7701152947871,0,0,"Co-creation","Co-occurred Key"
"european research area",0,0,0,9,6,8,23,16.34285506813,12.2797512725514,15.9869466752333,"Co-creation","Co-occurred Key"
"evaluation system",0,0,0,0,2,1,3,0,5.04749293362313,2.90145832139611,"Knowledge Transfer","Co-occurred Key"
"existing technology",0,0,0,0,1,1,2,0,2.82477646247555,2.90145832139611,"Neutral","Co-occurred Key"
"experimental development",0,0,0,2,8,4,14,4.93817059824624,15.3734918038688,9.1975933202726,"Knowledge Transfer","Co-occurred Key"
"expertise",0,0,0,29,30,29,88,37.9238016097562,40.4296562326765,41.7327493814175,"Neutral","Co-occurred Key"
"export markets",0,0,0,2,1,0,3,4.93817059824624,2.82477646247555,0,"Co-creation","Co-occurred Key"
"externalities",0,0,0,0,2,1,3,0,5.04749293362313,2.90145832139611,"Knowledge Transfer","Co-occurred Key"
"feasibility study",0,0,0,0,3,1,4,0,7.04296562326765,2.90145832139611,"Knowledge Transfer","Co-occurred Key"
"fellowships",0,0,0,17,9,11,37,26.1743283479501,16.834805577326,20.4607219986168,"Co-creation","Co-occurred Key"
"female researcher",0,0,0,3,0,0,3,6.87898212020232,0,0,"Co-creation","Co-occurred Key"
"finance",0,0,0,16,28,38,82,25.0559249940988,38.5733160717331,50.2236395416135,"Neutral","Co-occurred Key"
"financial assistance",0,0,0,2,6,2,10,4.93817059824624,12.2797512725514,5.20085665146426,"Knowledge Transfer","Co-occurred Key"
"financial instrument",0,0,0,3,4,7,14,6.87898212020232,8.89086588459033,14.394521969673,"Neutral","Co-occurred Key"
"financial support",0,0,0,51,73,93,217,54.1898010531474,70.1861129719215,86.7667096743225,"Neutral","Co-occurred Key"
"firm-level funding",0,0,0,2,0,1,3,4.93817059824624,0,2.90145832139611,"Co-creation","Co-occurred Key"
"firm entry",0,0,0,0,0,1,1,0,0,2.90145832139611,"Neutral","Co-occurred Key"
"firm strategies",0,0,0,1,0,1,2,2.7701152947871,0,2.90145832139611,"Neutral","Co-occurred Key"
"food",0,0,0,10,5,3,18,17.701152947871,10.6290322906976,7.27301120002935,"Co-creation","Co-occurred Key"
"food security",0,0,0,2,0,1,3,4.93817059824624,0,2.90145832139611,"Co-creation","Co-occurred Key"
"foreign direct investment",0,0,0,0,2,4,6,0,5.04749293362313,9.1975933202726,"Neutral","Co-occurred Key"
"foreign markets",0,0,0,4,4,7,15,8.67222121383656,8.89086588459033,14.394521969673,"Neutral","Co-occurred Key"
"foreign researcher",0,0,0,8,2,4,14,14.9362024623613,5.04749293362313,9.1975933202726,"Co-creation","Co-occurred Key"
"foresight",0,0,0,2,2,2,6,4.93817059824624,5.04749293362313,5.20085665146426,"Neutral","Co-occurred Key"
"formal learning",0,0,1,0,0,1,1,0,0,2.90145832139611,"Neutral","Neutral Root Key"
"framework conditions",0,0,0,1,3,4,8,2.7701152947871,7.04296562326765,9.1975933202726,"Neutral","Co-occurred Key"
"fund managers",0,0,0,0,1,2,3,0,2.82477646247555,5.20085665146426,"Neutral","Co-occurred Key"
"funding agencies",0,0,0,2,2,4,8,4.93817059824624,5.04749293362313,9.1975933202726,"Neutral","Co-occurred Key"
"funding instrument",0,0,0,2,0,1,3,4.93817059824624,0,2.90145832139611,"Co-creation","Co-occurred Key"
"fundraising",0,0,0,0,1,0,1,0,2.82477646247555,0,"Knowledge Transfer","Co-occurred Key"
"gender",0,0,0,9,10,10,29,16.34285506813,18.2477646247555,19.0145832139611,"Neutral","Co-occurred Key"
"gender analysis",0,0,0,0,1,0,1,0,2.82477646247555,0,"Knowledge Transfer","Co-occurred Key"
"general purpose technologies",0,0,0,3,3,2,8,6.87898212020232,7.04296562326765,5.20085665146426,"Knowledge Transfer","Co-occurred Key"
"global challenges",1,0,0,31,3,4,38,39.6413616295377,7.04296562326765,9.1975933202726,"Co-creation","Cocreate Root Key"
"global knowledge",0,0,0,1,1,2,4,2.7701152947871,2.82477646247555,5.20085665146426,"Neutral","Co-occurred Key"
"global supply chain",0,0,0,1,0,0,1,2.7701152947871,0,0,"Co-creation","Co-occurred Key"
"global value chains",1,0,0,8,0,2,10,14.9362024623613,0,5.20085665146426,"Co-creation","Cocreate Root Key"
"globalisation",0,0,0,2,2,1,5,4.93817059824624,5.04749293362313,2.90145832139611,"Knowledge Transfer","Co-occurred Key"
"government agencies",0,0,0,21,14,13,48,30.4058160011168,23.5010779751623,23.2376945981606,"Co-creation","Co-occurred Key"
"government funding",0,0,0,0,1,0,1,0,2.82477646247555,0,"Knowledge Transfer","Co-occurred Key"
"government policies",0,0,0,3,0,1,4,6.87898212020232,0,2.90145832139611,"Co-creation","Co-occurred Key"
"government procurement",0,0,0,5,5,6,16,10.3557264522554,10.6290322906976,12.7398424260748,"Neutral","Co-occurred Key"
"government regulation",0,0,0,0,0,1,1,0,0,2.90145832139611,"Neutral","Co-occurred Key"
"government research",0,0,0,0,1,0,1,0,2.82477646247555,0,"Knowledge Transfer","Co-occurred Key"
"green economy",0,0,0,1,1,3,5,2.7701152947871,2.82477646247555,7.27301120002935,"Neutral","Co-occurred Key"
"green growth",0,0,0,3,2,0,5,6.87898212020232,5.04749293362313,0,"Co-creation","Co-occurred Key"
"green innovation",0,0,0,2,2,2,6,4.93817059824624,5.04749293362313,5.20085665146426,"Neutral","Co-occurred Key"
"green jobs",0,0,0,0,1,0,1,0,2.82477646247555,0,"Knowledge Transfer","Co-occurred Key"
"handicapped people",0,0,0,0,1,1,2,0,2.82477646247555,2.90145832139611,"Neutral","Co-occurred Key"
"health care",0,0,0,9,8,4,21,16.34285506813,15.3734918038688,9.1975933202726,"Co-creation","Co-occurred Key"
"health challenges",1,0,0,5,1,1,7,10.3557264522554,2.82477646247555,2.90145832139611,"Co-creation","Cocreate Root Key"
"health innovation",0,0,0,0,1,1,2,0,2.82477646247555,2.90145832139611,"Neutral","Co-occurred Key"
"health sector",0,0,0,0,2,1,3,0,5.04749293362313,2.90145832139611,"Knowledge Transfer","Co-occurred Key"
"health technologies",0,0,0,2,3,1,6,4.93817059824624,7.04296562326765,2.90145832139611,"Knowledge Transfer","Co-occurred Key"
"high-tech",0,0,0,11,27,26,64,19.0159487059176,37.6221428545471,38.6486093090577,"Neutral","Co-occurred Key"
"high-tech industries",0,0,0,0,3,4,7,0,7.04296562326765,9.1975933202726,"Neutral","Co-occurred Key"
"high reward research",0,0,0,1,0,0,1,2.7701152947871,0,0,"Co-creation","Co-occurred Key"
"high risk research",0,0,0,1,0,0,1,2.7701152947871,0,0,"Co-creation","Co-occurred Key"
"higher education institutes",0,0,0,11,33,26,70,19.0159487059176,43.1066632457227,38.6486093090577,"Knowledge Transfer","Co-occurred Key"
"higher education research",0,0,0,6,14,7,27,11.9517842664207,23.5010779751623,14.394521969673,"Knowledge Transfer","Co-occurred Key"
"higher education system",0,0,0,1,4,3,8,2.7701152947871,8.89086588459033,7.27301120002935,"Knowledge Transfer","Co-occurred Key"
"highly skilled workers",0,0,0,0,1,0,1,0,2.82477646247555,0,"Knowledge Transfer","Co-occurred Key"
"human capital",0,0,0,5,9,10,24,10.3557264522554,16.834805577326,19.0145832139611,"Neutral","Co-occurred Key"
"human resource development",0,0,0,0,1,0,1,0,2.82477646247555,0,"Knowledge Transfer","Co-occurred Key"
"human resources",0,0,0,22,24,24,70,31.4092375072277,34.6695652983346,36.5099299124281,"Neutral","Co-occurred Key"
"immigration",0,0,0,1,0,1,2,2.7701152947871,0,2.90145832139611,"Neutral","Co-occurred Key"
"impact evaluation",0,0,0,0,3,1,4,0,7.04296562326765,2.90145832139611,"Knowledge Transfer","Co-occurred Key"
"import-substituting",0,0,0,0,1,0,1,0,2.82477646247555,0,"Knowledge Transfer","Co-occurred Key"
"in-house training",0,0,0,0,1,1,2,0,2.82477646247555,2.90145832139611,"Neutral","Co-occurred Key"
"inclusive growth",0,0,0,2,1,0,3,4.93817059824624,2.82477646247555,0,"Co-creation","Co-occurred Key"
"inclusiveness",0,0,0,2,2,3,7,4.93817059824624,5.04749293362313,7.27301120002935,"Neutral","Co-occurred Key"
"incubation",0,0,1,1,7,28,36,2.7701152947871,13.857748957229,40.720408121509,"Neutral","Neutral Root Key"
"incubators",0,0,1,3,8,38,49,6.87898212020232,15.3734918038688,50.2236395416135,"Neutral","Neutral Root Key"
"indigenous knowledge",0,0,0,1,0,0,1,2.7701152947871,0,0,"Co-creation","Co-occurred Key"
"industrial design",0,0,0,2,2,5,9,4.93817059824624,5.04749293362313,11.0124415853005,"Neutral","Co-occurred Key"
"industrial development",0,0,0,0,1,0,1,0,2.82477646247555,0,"Knowledge Transfer","Co-occurred Key"
"industrial organization",0,0,0,0,2,0,2,0,5.04749293362313,0,"Knowledge Transfer","Co-occurred Key"
"industrial performance",0,0,0,1,0,1,2,2.7701152947871,0,2.90145832139611,"Neutral","Co-occurred Key"
"industrial revolution",0,0,0,2,4,0,6,4.93817059824624,8.89086588459033,0,"Knowledge Transfer","Co-occurred Key"
"industrial robot",0,0,0,0,0,1,1,0,0,2.90145832139611,"Neutral","Co-occurred Key"
"industrialisation",0,0,0,0,1,0,1,0,2.82477646247555,0,"Knowledge Transfer","Co-occurred Key"
"industry orientation",0,0,1,0,0,2,2,0,0,5.20085665146426,"Neutral","Neutral Root Key"
"inequality",0,0,0,2,3,3,8,4.93817059824624,7.04296562326765,7.27301120002935,"Neutral","Co-occurred Key"
"information and communications technology access",0,0,1,2,2,11,15,4.93817059824624,5.04749293362313,20.4607219986168,"Neutral","Neutral Root Key"
"information and communications technology infrastructure",0,0,0,2,2,1,5,4.93817059824624,5.04749293362313,2.90145832139611,"Knowledge Transfer","Co-occurred Key"
"information and communications technology skills",0,0,0,1,0,0,1,2.7701152947871,0,0,"Co-creation","Co-occurred Key"
"information asymmetries",0,0,0,1,0,1,2,2.7701152947871,0,2.90145832139611,"Neutral","Co-occurred Key"
"information exchange",0,0,0,3,1,4,8,6.87898212020232,2.82477646247555,9.1975933202726,"Neutral","Co-occurred Key"
"information society",0,0,0,0,1,0,1,0,2.82477646247555,0,"Knowledge Transfer","Co-occurred Key"
"information system",0,0,0,0,2,5,7,0,5.04749293362313,11.0124415853005,"Neutral","Co-occurred Key"
"innovation adoption",0,1,0,0,1,0,1,0,2.82477646247555,0,"Knowledge Transfer","Knowledge Transfer Root Key"
"innovation capabilities",0,0,0,3,5,4,12,6.87898212020232,10.6290322906976,9.1975933202726,"Knowledge Transfer","Co-occurred Key"
"innovation clusters",0,0,1,1,4,12,17,2.7701152947871,8.89086588459033,21.8673249041818,"Neutral","Neutral Root Key"
"innovation culture",0,0,0,1,1,1,3,2.7701152947871,2.82477646247555,2.90145832139611,"Neutral","Co-occurred Key"
"innovation impacts",0,0,0,1,0,1,2,2.7701152947871,0,2.90145832139611,"Neutral","Co-occurred Key"
"innovation in firms",0,0,0,2,5,3,10,4.93817059824624,10.6290322906976,7.27301120002935,"Knowledge Transfer","Co-occurred Key"
"innovation incentives",0,0,0,1,0,0,1,2.7701152947871,0,0,"Co-creation","Co-occurred Key"
"innovation management",0,0,0,1,3,0,4,2.7701152947871,7.04296562326765,0,"Knowledge Transfer","Co-occurred Key"
"innovation networks",0,0,1,6,2,20,28,11.9517842664207,5.04749293362313,32.0085665146426,"Neutral","Neutral Root Key"
"innovation processes",0,0,0,7,9,6,22,13.4751207834099,16.834805577326,12.7398424260748,"Knowledge Transfer","Co-occurred Key"
"innovation procurement",0,0,0,1,1,1,3,2.7701152947871,2.82477646247555,2.90145832139611,"Neutral","Co-occurred Key"
"innovation skills",0,0,0,0,1,2,3,0,2.82477646247555,5.20085665146426,"Neutral","Co-occurred Key"
"innovation strategy",0,0,0,4,4,2,10,8.67222121383656,8.89086588459033,5.20085665146426,"Knowledge Transfer","Co-occurred Key"
"innovation system",0,0,0,7,10,5,22,13.4751207834099,18.2477646247555,11.0124415853005,"Knowledge Transfer","Co-occurred Key"
"innovation systems",0,0,0,0,2,2,4,0,5.04749293362313,5.20085665146426,"Neutral","Co-occurred Key"
"innovation vouchers",0,1,0,2,13,2,17,4.93817059824624,22.2408304321932,5.20085665146426,"Knowledge Transfer","Knowledge Transfer Root Key"
"institutional funding",0,0,0,1,3,1,5,2.7701152947871,7.04296562326765,2.90145832139611,"Knowledge Transfer","Co-occurred Key"
"intangible assets",0,0,0,1,4,4,9,2.7701152947871,8.89086588459033,9.1975933202726,"Neutral","Co-occurred Key"
"intellectual property policies",0,0,1,0,2,3,5,0,5.04749293362313,7.27301120002935,"Neutral","Neutral Root Key"
"intellectual property procedures",0,0,1,0,0,1,1,0,0,2.90145832139611,"Neutral","Neutral Root Key"
"intellectual property rights",0,1,1,5,52,52,109,10.3557264522554,57.6562021797188,61.6436588435883,"Neutral",NA
"interdisciplinary research",0,0,0,11,4,3,18,19.0159487059176,8.89086588459033,7.27301120002935,"Co-creation","Co-occurred Key"
"interest group",0,0,0,1,0,0,1,2.7701152947871,0,0,"Co-creation","Co-occurred Key"
"international agreements and treaties",0,0,0,6,2,6,14,11.9517842664207,5.04749293362313,12.7398424260748,"Neutral","Co-occurred Key"
"international collaboration",0,0,1,13,7,60,80,21.5302352522434,13.857748957229,67.3984242607481,"Neutral","Neutral Root Key"
"international cooperation",1,0,0,102,15,17,134,77.6745425485688,24.730278051298,28.4071598003033,"Co-creation","Cocreate Root Key"
"international level",0,0,0,12,8,13,33,20.2912085848737,15.3734918038688,23.2376945981606,"Neutral","Co-occurred Key"
"international markets",0,0,0,8,9,18,35,14.9362024623613,16.834805577326,29.6313446932705,"Neutral","Co-occurred Key"
"international mobility",1,0,0,33,2,4,39,41.3028447120041,5.04749293362313,9.1975933202726,"Co-creation","Cocreate Root Key"
"international networking",0,0,1,4,3,7,14,8.67222121383656,7.04296562326765,14.394521969673,"Neutral","Neutral Root Key"
"international networks",0,0,1,4,6,24,34,8.67222121383656,12.2797512725514,36.5099299124281,"Neutral","Neutral Root Key"
"international organisations",0,0,0,5,4,2,11,10.3557264522554,8.89086588459033,5.20085665146426,"Co-creation","Co-occurred Key"
"international research",0,0,0,15,8,13,36,23.9103605359713,15.3734918038688,23.2376945981606,"Co-creation","Co-occurred Key"
"international research and development collaboration",0,0,1,1,0,10,11,2.7701152947871,0,19.0145832139611,"Neutral","Neutral Root Key"
"international research and development infrastructure",0,0,0,0,0,1,1,0,0,2.90145832139611,"Neutral","Co-occurred Key"
"international research and development networks",0,0,1,0,0,3,3,0,0,7.27301120002935,"Neutral","Neutral Root Key"
"international standards",0,0,0,3,3,3,9,6.87898212020232,7.04296562326765,7.27301120002935,"Neutral","Co-occurred Key"
"international students",0,0,0,1,1,1,3,2.7701152947871,2.82477646247555,2.90145832139611,"Neutral","Co-occurred Key"
"international trade",0,0,0,1,1,1,3,2.7701152947871,2.82477646247555,2.90145832139611,"Neutral","Co-occurred Key"
"internationalisation strategy",0,0,0,1,0,1,2,2.7701152947871,0,2.90145832139611,"Neutral","Co-occurred Key"
"internet access",0,0,1,0,0,2,2,0,0,5.20085665146426,"Neutral","Neutral Root Key"
"internet of things",0,0,0,1,2,1,4,2.7701152947871,5.04749293362313,2.90145832139611,"Knowledge Transfer","Co-occurred Key"
"interoperability standards",0,0,0,0,1,0,1,0,2.82477646247555,0,"Knowledge Transfer","Co-occurred Key"
"intersectoral",0,0,0,6,2,2,10,11.9517842664207,5.04749293362313,5.20085665146426,"Co-creation","Co-occurred Key"
"intersectoral mobility",1,0,0,5,2,1,8,10.3557264522554,5.04749293362313,2.90145832139611,"Co-creation","Cocreate Root Key"
"invention disclosures",0,0,0,0,1,0,1,0,2.82477646247555,0,"Knowledge Transfer","Co-occurred Key"
"inventor",0,0,0,1,12,10,23,2.7701152947871,20.9471425971351,19.0145832139611,"Knowledge Transfer","Co-occurred Key"
"investment environment",0,0,0,1,1,0,2,2.7701152947871,2.82477646247555,0,"Knowledge Transfer","Co-occurred Key"
"investment fund",0,0,0,2,3,4,9,4.93817059824624,7.04296562326765,9.1975933202726,"Neutral","Co-occurred Key"
"investment readiness",0,0,0,0,0,1,1,0,0,2.90145832139611,"Neutral","Co-occurred Key"
"job creation",0,0,0,2,4,6,12,4.93817059824624,8.89086588459033,12.7398424260748,"Neutral","Co-occurred Key"
"joint programming",1,0,0,10,0,0,10,17.701152947871,0,0,"Co-creation","Cocreate Root Key"
"joint projects",1,0,0,27,2,7,36,36.1462913269591,5.04749293362313,14.394521969673,"Co-creation","Cocreate Root Key"
"joint research",1,0,0,76,3,8,87,67.5869293904796,7.04296562326765,15.9869466752333,"Co-creation","Cocreate Root Key"
"joint ventures",1,0,0,4,3,1,8,8.67222121383656,7.04296562326765,2.90145832139611,"Co-creation","Cocreate Root Key"
"key technology",0,0,0,0,2,0,2,0,5.04749293362313,0,"Knowledge Transfer","Co-occurred Key"
"knowledge creation",0,0,0,0,4,1,5,0,8.89086588459033,2.90145832139611,"Knowledge Transfer","Co-occurred Key"
"knowledge diffusion",0,1,0,0,6,1,7,0,12.2797512725514,2.90145832139611,"Knowledge Transfer","Knowledge Transfer Root Key"
"knowledge economy",0,0,0,0,2,4,6,0,5.04749293362313,9.1975933202726,"Neutral","Co-occurred Key"
"knowledge flows",0,1,0,1,4,1,6,2.7701152947871,8.89086588459033,2.90145832139611,"Knowledge Transfer","Knowledge Transfer Root Key"
"knowledge management",0,0,0,1,1,1,3,2.7701152947871,2.82477646247555,2.90145832139611,"Neutral","Co-occurred Key"
"knowledge production",0,0,0,2,1,2,5,4.93817059824624,2.82477646247555,5.20085665146426,"Neutral","Co-occurred Key"
"knowledge provider",0,0,0,0,2,0,2,0,5.04749293362313,0,"Knowledge Transfer","Co-occurred Key"
"knowledge resources",0,0,0,0,0,1,1,0,0,2.90145832139611,"Neutral","Co-occurred Key"
"knowledge sharing",0,1,0,0,10,2,12,0,18.2477646247555,5.20085665146426,"Knowledge Transfer","Knowledge Transfer Root Key"
"knowledge society",0,0,0,1,0,1,2,2.7701152947871,0,2.90145832139611,"Neutral","Co-occurred Key"
"knowledge transfer",0,1,0,11,79,14,104,19.0159487059176,73.2448003236232,24.5746240000502,"Knowledge Transfer","Knowledge Transfer Root Key"
"knowledge triangle",1,0,0,3,0,1,4,6.87898212020232,0,2.90145832139611,"Co-creation","Cocreate Root Key"
"labour-intensive",0,0,0,0,1,0,1,0,2.82477646247555,0,"Knowledge Transfer","Co-occurred Key"
"lead user",0,0,0,0,0,1,1,0,0,2.90145832139611,"Neutral","Co-occurred Key"
"leadership",0,0,0,14,11,13,38,22.7358216275241,19.6172215504905,23.2376945981606,"Neutral","Co-occurred Key"
"learning by doing",0,0,1,0,1,2,3,0,2.82477646247555,5.20085665146426,"Neutral","Neutral Root Key"
"legal protection",0,0,0,1,3,2,6,2.7701152947871,7.04296562326765,5.20085665146426,"Knowledge Transfer","Co-occurred Key"
"legal structures",0,0,0,0,1,0,1,0,2.82477646247555,0,"Knowledge Transfer","Co-occurred Key"
"libraries",0,0,0,0,5,7,12,0,10.6290322906976,14.394521969673,"Neutral","Co-occurred Key"
"licensing",0,1,0,2,34,13,49,4.93817059824624,43.9721165447319,23.2376945981606,"Knowledge Transfer","Knowledge Transfer Root Key"
"life sciences",0,0,0,8,6,5,19,14.9362024623613,12.2797512725514,11.0124415853005,"Co-creation","Co-occurred Key"
"lifelong learning",0,0,1,5,5,18,28,10.3557264522554,10.6290322906976,29.6313446932705,"Neutral","Neutral Root Key"
"literacy skills",0,0,0,2,1,5,8,4.93817059824624,2.82477646247555,11.0124415853005,"Neutral","Co-occurred Key"
"litigation",0,0,0,3,4,5,12,6.87898212020232,8.89086588459033,11.0124415853005,"Neutral","Co-occurred Key"
"loan guarantee",0,0,0,0,1,0,1,0,2.82477646247555,0,"Knowledge Transfer","Co-occurred Key"
"local government",0,0,0,3,4,4,11,6.87898212020232,8.89086588459033,9.1975933202726,"Neutral","Co-occurred Key"
"local market",0,0,0,0,0,1,1,0,0,2.90145832139611,"Neutral","Co-occurred Key"
"machine learning",0,0,1,1,2,16,19,2.7701152947871,5.04749293362313,27.157413419843,"Neutral","Neutral Root Key"
"management structure",0,0,0,1,1,1,3,2.7701152947871,2.82477646247555,2.90145832139611,"Neutral","Co-occurred Key"
"manufacturing sector",0,0,0,3,6,5,14,6.87898212020232,12.2797512725514,11.0124415853005,"Knowledge Transfer","Co-occurred Key"
"marie curie",0,0,0,2,0,0,2,4.93817059824624,0,0,"Co-creation","Co-occurred Key"
"marine",0,0,0,9,2,4,15,16.34285506813,5.04749293362313,9.1975933202726,"Co-creation","Co-occurred Key"
"market access",0,0,1,1,2,6,9,2.7701152947871,5.04749293362313,12.7398424260748,"Neutral","Neutral Root Key"
"market conditions",0,0,0,1,0,0,1,2.7701152947871,0,0,"Co-creation","Co-occurred Key"
"market demand",0,0,0,0,0,3,3,0,0,7.27301120002935,"Neutral","Co-occurred Key"
"market failure",0,0,0,1,1,3,5,2.7701152947871,2.82477646247555,7.27301120002935,"Neutral","Co-occurred Key"
"market intelligence ",0,0,0,0,1,2,3,0,2.82477646247555,5.20085665146426,"Neutral","Co-occurred Key"
"market mechanisms",0,0,0,0,1,1,2,0,2.82477646247555,2.90145832139611,"Neutral","Co-occurred Key"
"market structure",0,0,0,0,1,1,2,0,2.82477646247555,2.90145832139611,"Neutral","Co-occurred Key"
"master's degree",0,0,0,3,0,3,6,6.87898212020232,0,7.27301120002935,"Neutral","Co-occurred Key"
"matching grants",0,0,0,0,3,1,4,0,7.04296562326765,2.90145832139611,"Knowledge Transfer","Co-occurred Key"
"mega-science",0,0,0,1,0,0,1,2.7701152947871,0,0,"Co-creation","Co-occurred Key"
"mentoring",0,0,0,0,3,14,17,0,7.04296562326765,24.5746240000502,"Neutral","Co-occurred Key"
"metrology",0,0,0,1,1,1,3,2.7701152947871,2.82477646247555,2.90145832139611,"Neutral","Co-occurred Key"
"micro-enterprises",0,0,0,0,2,4,6,0,5.04749293362313,9.1975933202726,"Neutral","Co-occurred Key"
"middle income countries",0,0,0,1,0,0,1,2.7701152947871,0,0,"Co-creation","Co-occurred Key"
"migration",0,0,0,2,0,0,2,4.93817059824624,0,0,"Co-creation","Co-occurred Key"
"mining",0,0,0,1,1,0,2,2.7701152947871,2.82477646247555,0,"Knowledge Transfer","Co-occurred Key"
"mission oriented",0,0,0,2,1,1,4,4.93817059824624,2.82477646247555,2.90145832139611,"Co-creation","Co-occurred Key"
"mobility of labour",1,0,0,2,1,1,4,4.93817059824624,2.82477646247555,2.90145832139611,"Co-creation","Cocreate Root Key"
"modernisation",0,0,0,5,10,7,22,10.3557264522554,18.2477646247555,14.394521969673,"Knowledge Transfer","Co-occurred Key"
"multi-stakeholder",0,0,0,1,0,0,1,2.7701152947871,0,0,"Co-creation","Co-occurred Key"
"multinational corporation",0,0,0,1,3,5,9,2.7701152947871,7.04296562326765,11.0124415853005,"Neutral","Co-occurred Key"
"nanotechnology",0,0,0,13,3,5,21,21.5302352522434,7.04296562326765,11.0124415853005,"Co-creation","Co-occurred Key"
"national innovation strategy",0,0,0,0,1,0,1,0,2.82477646247555,0,"Knowledge Transfer","Co-occurred Key"
"national innovation systems",0,0,0,3,3,2,8,6.87898212020232,7.04296562326765,5.20085665146426,"Knowledge Transfer","Co-occurred Key"
"national strategies",0,0,0,6,5,13,24,11.9517842664207,10.6290322906976,23.2376945981606,"Neutral","Co-occurred Key"
"natural resource",0,0,0,7,3,3,13,13.4751207834099,7.04296562326765,7.27301120002935,"Co-creation","Co-occurred Key"
"natural resources",0,0,0,0,1,1,2,0,2.82477646247555,2.90145832139611,"Neutral","Co-occurred Key"
"network operator",0,0,1,0,0,1,1,0,0,2.90145832139611,"Neutral","Neutral Root Key"
"neuroscience",0,0,0,3,0,1,4,6.87898212020232,0,2.90145832139611,"Co-creation","Co-occurred Key"
"non-government organisation",0,0,0,2,6,4,12,4.93817059824624,12.2797512725514,9.1975933202726,"Knowledge Transfer","Co-occurred Key"
"non-profit",0,0,0,6,10,9,25,11.9517842664207,18.2477646247555,17.5249423076111,"Knowledge Transfer","Co-occurred Key"
"non-tariff barriers",0,0,0,0,1,0,1,0,2.82477646247555,0,"Knowledge Transfer","Co-occurred Key"
"novelty",0,0,0,3,1,2,6,6.87898212020232,2.82477646247555,5.20085665146426,"Co-creation","Co-occurred Key"
"obsolescence",0,0,0,0,1,0,1,0,2.82477646247555,0,"Knowledge Transfer","Co-occurred Key"
"open-source software",0,0,0,1,1,1,3,2.7701152947871,2.82477646247555,2.90145832139611,"Neutral","Co-occurred Key"
"open access",0,0,1,7,16,123,146,13.4751207834099,25.9305036771139,99.8210448246759,"Neutral","Neutral Root Key"
"open innovation",0,0,0,4,7,7,18,8.67222121383656,13.857748957229,14.394521969673,"Neutral","Co-occurred Key"
"open science",0,0,0,6,6,39,51,11.9517842664207,12.2797512725514,51.1053548604149,"Neutral","Co-occurred Key"
"open source",0,0,0,1,1,2,4,2.7701152947871,2.82477646247555,5.20085665146426,"Neutral","Co-occurred Key"
"organizational innovation",0,0,0,1,1,1,3,2.7701152947871,2.82477646247555,2.90145832139611,"Neutral","Co-occurred Key"
"pandemic",0,0,0,5,6,8,19,10.3557264522554,12.2797512725514,15.9869466752333,"Neutral","Co-occurred Key"
"paradigm shift",0,0,0,0,1,0,1,0,2.82477646247555,0,"Knowledge Transfer","Co-occurred Key"
"patent applications",0,0,1,1,5,12,18,2.7701152947871,10.6290322906976,21.8673249041818,"Neutral","Neutral Root Key"
"patent costs",0,0,1,0,0,1,1,0,0,2.90145832139611,"Neutral","Neutral Root Key"
"patent examiner",0,0,1,0,1,2,3,0,2.82477646247555,5.20085665146426,"Neutral","Neutral Root Key"
"patent law",0,0,1,1,1,1,3,2.7701152947871,2.82477646247555,2.90145832139611,"Neutral","Neutral Root Key"
"patent licensing",0,1,1,0,1,1,2,0,2.82477646247555,2.90145832139611,"Neutral",NA
"patent offices",0,0,1,1,1,5,7,2.7701152947871,2.82477646247555,11.0124415853005,"Neutral","Neutral Root Key"
"patent strategies",0,0,1,1,1,1,3,2.7701152947871,2.82477646247555,2.90145832139611,"Neutral","Neutral Root Key"
"performance contract",0,1,0,0,11,1,12,0,19.6172215504905,2.90145832139611,"Knowledge Transfer","Knowledge Transfer Root Key"
"pharmaceuticals",0,0,0,2,0,1,3,4.93817059824624,0,2.90145832139611,"Co-creation","Co-occurred Key"
"phd students",0,0,0,20,4,9,33,29.3817059824624,8.89086588459033,17.5249423076111,"Co-creation","Co-occurred Key"
"policy agenda",0,0,0,1,0,0,1,2.7701152947871,0,0,"Co-creation","Co-occurred Key"
"policy challenge",1,0,0,3,0,0,3,6.87898212020232,0,0,"Co-creation","Cocreate Root Key"
"policy community",0,0,0,1,0,0,1,2.7701152947871,0,0,"Co-creation","Co-occurred Key"
"policy coordination",0,0,0,3,1,1,5,6.87898212020232,2.82477646247555,2.90145832139611,"Co-creation","Co-occurred Key"
"policy design",0,0,0,1,1,1,3,2.7701152947871,2.82477646247555,2.90145832139611,"Neutral","Co-occurred Key"
"policy framework",0,0,0,1,0,3,4,2.7701152947871,0,7.27301120002935,"Neutral","Co-occurred Key"
"policy goals",0,0,0,1,1,0,2,2.7701152947871,2.82477646247555,0,"Knowledge Transfer","Co-occurred Key"
"policy implementation",0,0,0,1,1,2,4,2.7701152947871,2.82477646247555,5.20085665146426,"Neutral","Co-occurred Key"
"policy incentives",0,0,0,0,1,0,1,0,2.82477646247555,0,"Knowledge Transfer","Co-occurred Key"
"political context",0,0,0,3,5,7,15,6.87898212020232,10.6290322906976,14.394521969673,"Neutral","Co-occurred Key"
"pollution",0,0,0,1,1,1,3,2.7701152947871,2.82477646247555,2.90145832139611,"Neutral","Co-occurred Key"
"postdoc",0,0,0,15,8,13,36,23.9103605359713,15.3734918038688,23.2376945981606,"Co-creation","Co-occurred Key"
"postgraduate",0,0,0,6,2,6,14,11.9517842664207,5.04749293362313,12.7398424260748,"Neutral","Co-occurred Key"
"pre-commercial procurement",0,0,0,1,1,1,3,2.7701152947871,2.82477646247555,2.90145832139611,"Neutral","Co-occurred Key"
"pre-seed",0,0,0,2,3,12,17,4.93817059824624,7.04296562326765,21.8673249041818,"Neutral","Co-occurred Key"
"predictability",0,0,0,0,0,1,1,0,0,2.90145832139611,"Neutral","Co-occurred Key"
"priority setting",0,0,0,0,1,0,1,0,2.82477646247555,0,"Knowledge Transfer","Co-occurred Key"
"private equity",0,0,0,0,0,2,2,0,0,5.20085665146426,"Neutral","Co-occurred Key"
"private investment",0,0,0,5,8,9,22,10.3557264522554,15.3734918038688,17.5249423076111,"Neutral","Co-occurred Key"
"private investors",0,0,0,3,3,9,15,6.87898212020232,7.04296562326765,17.5249423076111,"Neutral","Co-occurred Key"
"private sector development",0,0,0,1,1,1,3,2.7701152947871,2.82477646247555,2.90145832139611,"Neutral","Co-occurred Key"
"private universities",0,0,0,0,1,2,3,0,2.82477646247555,5.20085665146426,"Neutral","Co-occurred Key"
"problem solving",0,0,0,1,0,1,2,2.7701152947871,0,2.90145832139611,"Neutral","Co-occurred Key"
"process innovation",0,0,0,1,1,1,3,2.7701152947871,2.82477646247555,2.90145832139611,"Neutral","Co-occurred Key"
"procurement",0,0,0,2,6,4,12,4.93817059824624,12.2797512725514,9.1975933202726,"Knowledge Transfer","Co-occurred Key"
"product design",0,0,0,2,2,1,5,4.93817059824624,5.04749293362313,2.90145832139611,"Knowledge Transfer","Co-occurred Key"
"product development",0,0,1,3,3,21,27,6.87898212020232,7.04296562326765,33.1640195599061,"Neutral","Neutral Root Key"
"product market",0,0,0,0,0,1,1,0,0,2.90145832139611,"Neutral","Co-occurred Key"
"production of knowledge",0,0,0,0,1,0,1,0,2.82477646247555,0,"Knowledge Transfer","Co-occurred Key"
"project funding",0,0,0,0,1,1,2,0,2.82477646247555,2.90145832139611,"Neutral","Co-occurred Key"
"proof of concept ",0,0,0,4,16,9,29,8.67222121383656,25.9305036771139,17.5249423076111,"Knowledge Transfer","Co-occurred Key"
"prototypes",0,0,0,8,13,9,30,14.9362024623613,22.2408304321932,17.5249423076111,"Knowledge Transfer","Co-occurred Key"
"public-private partnerships",1,0,0,24,4,2,30,33.3576972738119,8.89086588459033,5.20085665146426,"Co-creation","Cocreate Root Key"
"public awareness",0,0,0,2,2,0,4,4.93817059824624,5.04749293362313,0,"Knowledge Transfer","Co-occurred Key"
"public interest",0,0,0,1,1,2,4,2.7701152947871,2.82477646247555,5.20085665146426,"Neutral","Co-occurred Key"
"public organisations",0,0,0,1,1,1,3,2.7701152947871,2.82477646247555,2.90145832139611,"Neutral","Co-occurred Key"
"public research and development",0,0,0,2,2,1,5,4.93817059824624,5.04749293362313,2.90145832139611,"Knowledge Transfer","Co-occurred Key"
"public research institutes",0,0,0,8,21,5,34,14.9362024623613,31.5537005225742,11.0124415853005,"Knowledge Transfer","Co-occurred Key"
"public research system",0,0,0,1,2,0,3,2.7701152947871,5.04749293362313,0,"Knowledge Transfer","Co-occurred Key"
"public sector entities",0,0,0,0,0,1,1,0,0,2.90145832139611,"Neutral","Co-occurred Key"
"public sector research",0,0,0,0,1,2,3,0,2.82477646247555,5.20085665146426,"Neutral","Co-occurred Key"
"quality control",0,0,0,0,1,3,4,0,2.82477646247555,7.27301120002935,"Neutral","Co-occurred Key"
"regional clusters",0,0,1,0,0,4,4,0,0,9.1975933202726,"Neutral","Neutral Root Key"
"regional collaboration",0,0,1,0,0,1,1,0,0,2.90145832139611,"Neutral","Neutral Root Key"
"regional development",0,0,0,4,3,1,8,8.67222121383656,7.04296562326765,2.90145832139611,"Co-creation","Co-occurred Key"
"regional innovation",0,0,0,1,2,5,8,2.7701152947871,5.04749293362313,11.0124415853005,"Neutral","Co-occurred Key"
"regional innovation hubs",0,0,0,0,0,1,1,0,0,2.90145832139611,"Neutral","Co-occurred Key"
"regional innovation systems",0,0,0,0,0,1,1,0,0,2.90145832139611,"Neutral","Co-occurred Key"
"regional policy",0,0,0,0,0,1,1,0,0,2.90145832139611,"Neutral","Co-occurred Key"
"regulatory environment",0,0,0,0,2,2,4,0,5.04749293362313,5.20085665146426,"Neutral","Co-occurred Key"
"renewable energy",0,0,0,9,5,4,18,16.34285506813,10.6290322906976,9.1975933202726,"Co-creation","Co-occurred Key"
"research and development funding",0,0,0,6,4,11,21,11.9517842664207,8.89086588459033,20.4607219986168,"Neutral","Co-occurred Key"
"research assessment",0,0,0,1,0,1,2,2.7701152947871,0,2.90145832139611,"Neutral","Co-occurred Key"
"research careers",0,0,0,2,2,3,7,4.93817059824624,5.04749293362313,7.27301120002935,"Neutral","Co-occurred Key"
"research collaboration",0,0,1,14,6,43,63,22.7358216275241,12.2797512725514,54.5235642301106,"Neutral","Neutral Root Key"
"research communities",0,0,0,6,5,10,21,11.9517842664207,10.6290322906976,19.0145832139611,"Neutral","Co-occurred Key"
"research council",0,0,0,5,2,6,13,10.3557264522554,5.04749293362313,12.7398424260748,"Neutral","Co-occurred Key"
"research data",0,0,0,1,5,29,35,2.7701152947871,10.6290322906976,41.7327493814175,"Neutral","Co-occurred Key"
"research excellence",0,0,0,4,5,8,17,8.67222121383656,10.6290322906976,15.9869466752333,"Neutral","Co-occurred Key"
"research grants",0,0,0,3,0,2,5,6.87898212020232,0,5.20085665146426,"Co-creation","Co-occurred Key"
"research groups",0,0,0,33,29,31,93,41.3028447120041,39.5089754727211,43.712995454417,"Neutral","Co-occurred Key"
"research infrastructure",0,0,0,24,16,26,66,33.3576972738119,25.9305036771139,38.6486093090577,"Neutral","Co-occurred Key"
"research integrity",0,0,0,2,4,3,9,4.93817059824624,8.89086588459033,7.27301120002935,"Knowledge Transfer","Co-occurred Key"
"research intensity",0,0,0,1,1,1,3,2.7701152947871,2.82477646247555,2.90145832139611,"Neutral","Co-occurred Key"
"research management",0,0,0,1,3,3,7,2.7701152947871,7.04296562326765,7.27301120002935,"Neutral","Co-occurred Key"
"research networking",0,0,1,8,5,28,41,14.9362024623613,10.6290322906976,40.720408121509,"Neutral","Neutral Root Key"
"research organisations",0,0,0,9,13,21,43,16.34285506813,22.2408304321932,33.1640195599061,"Neutral","Co-occurred Key"
"research policies",0,0,0,4,2,3,9,8.67222121383656,5.04749293362313,7.27301120002935,"Co-creation","Co-occurred Key"
"research priorities",0,0,0,1,0,2,3,2.7701152947871,0,5.20085665146426,"Neutral","Co-occurred Key"
"research programmes",0,0,0,17,8,12,37,26.1743283479501,15.3734918038688,21.8673249041818,"Co-creation","Co-occurred Key"
"research projects",0,0,0,28,24,25,77,37.0428033764567,34.6695652983346,37.5879578181019,"Neutral","Co-occurred Key"
"research quality",0,0,0,2,0,1,3,4.93817059824624,0,2.90145832139611,"Co-creation","Co-occurred Key"
"research results",0,0,0,9,41,32,82,16.34285506813,49.6916968359882,44.6818669784386,"Knowledge Transfer","Co-occurred Key"
"research spin-off",0,1,0,0,1,1,2,0,2.82477646247555,2.90145832139611,"Neutral","Knowledge Transfer Root Key"
"research staff",0,0,0,3,4,2,9,6.87898212020232,8.89086588459033,5.20085665146426,"Knowledge Transfer","Co-occurred Key"
"research system",0,0,0,9,3,4,16,16.34285506813,7.04296562326765,9.1975933202726,"Co-creation","Co-occurred Key"
"resilience",0,0,0,4,3,8,15,8.67222121383656,7.04296562326765,15.9869466752333,"Neutral","Co-occurred Key"
"resource management",0,0,0,1,1,1,3,2.7701152947871,2.82477646247555,2.90145832139611,"Neutral","Co-occurred Key"
"risk management",0,0,0,0,1,0,1,0,2.82477646247555,0,"Knowledge Transfer","Co-occurred Key"
"robotics",0,0,0,2,0,2,4,4.93817059824624,0,5.20085665146426,"Neutral","Co-occurred Key"
"rural area",0,0,0,1,0,0,1,2.7701152947871,0,0,"Co-creation","Co-occurred Key"
"rural development",0,0,0,1,0,0,1,2.7701152947871,0,0,"Co-creation","Co-occurred Key"
"sandbox",0,0,0,1,0,2,3,2.7701152947871,0,5.20085665146426,"Neutral","Co-occurred Key"
"scalability",0,0,0,1,0,0,1,2.7701152947871,0,0,"Co-creation","Co-occurred Key"
"scaling up",0,0,0,0,1,1,2,0,2.82477646247555,2.90145832139611,"Neutral","Co-occurred Key"
"science and innovation councils",0,0,0,1,2,3,6,2.7701152947871,5.04749293362313,7.27301120002935,"Neutral","Co-occurred Key"
"science base",0,0,0,1,0,0,1,2.7701152947871,0,0,"Co-creation","Co-occurred Key"
"science foundation",0,0,0,0,0,1,1,0,0,2.90145832139611,"Neutral","Co-occurred Key"
"science fund",0,0,0,2,2,0,4,4.93817059824624,5.04749293362313,0,"Knowledge Transfer","Co-occurred Key"
"science network",0,0,1,0,0,1,1,0,0,2.90145832139611,"Neutral","Neutral Root Key"
"science parks",0,0,0,2,6,5,13,4.93817059824624,12.2797512725514,11.0124415853005,"Knowledge Transfer","Co-occurred Key"
"science, technology and innovation strategy",0,0,0,2,5,1,8,4.93817059824624,10.6290322906976,2.90145832139611,"Knowledge Transfer","Co-occurred Key"
"scientific careers",0,0,0,2,1,1,4,4.93817059824624,2.82477646247555,2.90145832139611,"Co-creation","Co-occurred Key"
"scientific disciplines",0,0,0,23,13,9,45,32.3929115516987,22.2408304321932,17.5249423076111,"Co-creation","Co-occurred Key"
"scientific equipment",0,0,0,1,4,2,7,2.7701152947871,8.89086588459033,5.20085665146426,"Knowledge Transfer","Co-occurred Key"
"scientific progress",0,0,0,3,0,0,3,6.87898212020232,0,0,"Co-creation","Co-occurred Key"
"seed capital",0,0,0,1,5,10,16,2.7701152947871,10.6290322906976,19.0145832139611,"Neutral","Co-occurred Key"
"seed funding",0,0,0,1,0,0,1,2.7701152947871,0,0,"Co-creation","Co-occurred Key"
"seed funds",0,0,0,0,1,3,4,0,2.82477646247555,7.27301120002935,"Neutral","Co-occurred Key"
"seed phase",0,0,0,1,1,2,4,2.7701152947871,2.82477646247555,5.20085665146426,"Neutral","Co-occurred Key"
"self-driving car",0,0,0,0,1,0,1,0,2.82477646247555,0,"Knowledge Transfer","Co-occurred Key"
"self-driving trucks",0,0,0,0,1,0,1,0,2.82477646247555,0,"Knowledge Transfer","Co-occurred Key"
"self-employment",0,0,0,1,0,5,6,2.7701152947871,0,11.0124415853005,"Neutral","Co-occurred Key"
"service innovation",0,0,0,1,0,1,2,2.7701152947871,0,2.90145832139611,"Neutral","Co-occurred Key"
"short-term",0,1,0,3,25,1,29,6.87898212020232,35.6709113450877,2.90145832139611,"Knowledge Transfer","Knowledge Transfer Root Key"
"silicon valley",0,0,0,1,0,0,1,2.7701152947871,0,0,"Co-creation","Co-occurred Key"
"skill levels",0,0,0,0,0,1,1,0,0,2.90145832139611,"Neutral","Co-occurred Key"
"skilled workers",0,0,0,0,2,1,3,0,5.04749293362313,2.90145832139611,"Knowledge Transfer","Co-occurred Key"
"skills development",0,0,1,1,1,11,13,2.7701152947871,2.82477646247555,20.4607219986168,"Neutral","Neutral Root Key"
"skills for innovation",0,0,0,0,1,1,2,0,2.82477646247555,2.90145832139611,"Neutral","Co-occurred Key"
"skills mismatches",0,0,0,0,0,1,1,0,0,2.90145832139611,"Neutral","Co-occurred Key"
"smart city",0,0,0,3,0,0,3,6.87898212020232,0,0,"Co-creation","Co-occurred Key"
"smart specialisation",0,0,0,14,14,11,39,22.7358216275241,23.5010779751623,20.4607219986168,"Knowledge Transfer","Co-occurred Key"
"social capital",0,0,0,1,1,0,2,2.7701152947871,2.82477646247555,0,"Knowledge Transfer","Co-occurred Key"
"social challenges",1,0,0,50,3,7,60,53.5572645225541,7.04296562326765,14.394521969673,"Co-creation","Cocreate Root Key"
"social entrepreneurship",0,0,0,1,0,0,1,2.7701152947871,0,0,"Co-creation","Co-occurred Key"
"social innovation",0,0,0,5,9,6,20,10.3557264522554,16.834805577326,12.7398424260748,"Knowledge Transfer","Co-occurred Key"
"social sciences and humanities",0,0,0,14,5,11,30,22.7358216275241,10.6290322906976,20.4607219986168,"Co-creation","Co-occurred Key"
"social well-being",0,0,0,1,1,1,3,2.7701152947871,2.82477646247555,2.90145832139611,"Neutral","Co-occurred Key"
"societal challenge",1,0,0,58,8,6,72,58.3878634710015,15.3734918038688,12.7398424260748,"Co-creation","Cocreate Root Key"
"socio-economic impact",0,0,0,2,2,1,5,4.93817059824624,5.04749293362313,2.90145832139611,"Knowledge Transfer","Co-occurred Key"
"sources of innovation",0,0,0,0,1,0,1,0,2.82477646247555,0,"Knowledge Transfer","Co-occurred Key"
"special economic zone",0,0,0,1,2,1,4,2.7701152947871,5.04749293362313,2.90145832139611,"Knowledge Transfer","Co-occurred Key"
"spin-offs",0,1,0,2,28,8,38,4.93817059824624,38.5733160717331,15.9869466752333,"Knowledge Transfer","Knowledge Transfer Root Key"
"stage gate",0,0,0,0,1,0,1,0,2.82477646247555,0,"Knowledge Transfer","Co-occurred Key"
"stages of development",0,0,0,0,3,3,6,0,7.04296562326765,7.27301120002935,"Neutral","Co-occurred Key"
"stakeholder engagement",1,0,0,2,0,0,2,4.93817059824624,0,0,"Co-creation","Cocreate Root Key"
"start-ups",0,0,1,14,42,273,329,22.7358216275241,50.4641412272611,127.025719099012,"Neutral","Neutral Root Key"
"state-owned enterprise",0,0,0,1,1,2,4,2.7701152947871,2.82477646247555,5.20085665146426,"Neutral","Co-occurred Key"
"stock markets",0,0,0,0,2,3,5,0,5.04749293362313,7.27301120002935,"Neutral","Co-occurred Key"
"strategic research",0,0,0,6,2,5,13,11.9517842664207,5.04749293362313,11.0124415853005,"Co-creation","Co-occurred Key"
"structural change",0,0,0,1,0,0,1,2.7701152947871,0,0,"Co-creation","Co-occurred Key"
"structural funds",0,0,0,1,1,0,2,2.7701152947871,2.82477646247555,0,"Knowledge Transfer","Co-occurred Key"
"studentships",0,0,0,6,1,2,9,11.9517842664207,2.82477646247555,5.20085665146426,"Co-creation","Co-occurred Key"
"subcontracting",0,1,0,0,2,0,2,0,5.04749293362313,0,"Knowledge Transfer","Knowledge Transfer Root Key"
"supply chains",0,0,0,5,5,3,13,10.3557264522554,10.6290322906976,7.27301120002935,"Knowledge Transfer","Co-occurred Key"
"sustainable development",0,0,0,9,14,11,34,16.34285506813,23.5010779751623,20.4607219986168,"Knowledge Transfer","Co-occurred Key"
"sustainable development goal",0,0,0,9,3,1,13,16.34285506813,7.04296562326765,2.90145832139611,"Co-creation","Co-occurred Key"
"systems innovation",0,0,0,1,0,0,1,2.7701152947871,0,0,"Co-creation","Co-occurred Key"
"talent",0,0,0,24,17,17,58,33.3576972738119,27.1035681986536,28.4071598003033,"Co-creation","Co-occurred Key"
"targeted interventions",0,0,0,1,1,1,3,2.7701152947871,2.82477646247555,2.90145832139611,"Neutral","Co-occurred Key"
"tax credits",0,0,0,1,2,1,4,2.7701152947871,5.04749293362313,2.90145832139611,"Knowledge Transfer","Co-occurred Key"
"tax incentives",0,0,0,0,5,4,9,0,10.6290322906976,9.1975933202726,"Knowledge Transfer","Co-occurred Key"
"tax reliefs",0,0,0,1,1,4,6,2.7701152947871,2.82477646247555,9.1975933202726,"Neutral","Co-occurred Key"
"tax treatment",0,0,0,0,0,1,1,0,0,2.90145832139611,"Neutral","Co-occurred Key"
"technical support",0,0,0,1,9,5,15,2.7701152947871,16.834805577326,11.0124415853005,"Knowledge Transfer","Co-occurred Key"
"technological barriers",0,0,0,0,2,0,2,0,5.04749293362313,0,"Knowledge Transfer","Co-occurred Key"
"technological cooperation",1,0,0,18,1,2,21,27.2671702143083,2.82477646247555,5.20085665146426,"Co-creation","Cocreate Root Key"
"technological cooperation ",1,0,0,8,3,0,11,14.9362024623613,7.04296562326765,0,"Co-creation","Cocreate Root Key"
"technological culture",0,0,0,0,1,0,1,0,2.82477646247555,0,"Knowledge Transfer","Co-occurred Key"
"technological development",0,0,0,38,27,20,85,45.2326045304711,37.6221428545471,32.0085665146426,"Co-creation","Co-occurred Key"
"technological innovation",0,0,0,7,11,10,28,13.4751207834099,19.6172215504905,19.0145832139611,"Knowledge Transfer","Co-occurred Key"
"technological leadership",0,0,0,3,0,1,4,6.87898212020232,0,2.90145832139611,"Co-creation","Co-occurred Key"
"technology-based company",0,0,0,1,0,3,4,2.7701152947871,0,7.27301120002935,"Neutral","Co-occurred Key"
"technology adoption",0,1,0,0,6,2,8,0,12.2797512725514,5.20085665146426,"Knowledge Transfer","Knowledge Transfer Root Key"
"technology centres",0,0,0,0,1,2,3,0,2.82477646247555,5.20085665146426,"Neutral","Co-occurred Key"
"technology commercialisation",0,1,0,0,3,1,4,0,7.04296562326765,2.90145832139611,"Knowledge Transfer","Knowledge Transfer Root Key"
"technology demonstration",0,0,0,0,2,0,2,0,5.04749293362313,0,"Knowledge Transfer","Co-occurred Key"
"technology diffusion",0,1,0,0,3,0,3,0,7.04296562326765,0,"Knowledge Transfer","Knowledge Transfer Root Key"
"technology foresight",0,0,0,0,2,0,2,0,5.04749293362313,0,"Knowledge Transfer","Co-occurred Key"
"technology licensing",0,1,0,0,1,0,1,0,2.82477646247555,0,"Knowledge Transfer","Knowledge Transfer Root Key"
"technology markets",0,0,0,1,1,0,2,2.7701152947871,2.82477646247555,0,"Knowledge Transfer","Co-occurred Key"
"technology parks",0,0,0,2,8,10,20,4.93817059824624,15.3734918038688,19.0145832139611,"Neutral","Co-occurred Key"
"technology platforms",1,0,0,6,3,3,12,11.9517842664207,7.04296562326765,7.27301120002935,"Co-creation","Cocreate Root Key"
"technology sectors",0,0,0,1,1,1,3,2.7701152947871,2.82477646247555,2.90145832139611,"Neutral","Co-occurred Key"
"technology start-ups",0,0,1,0,1,1,2,0,2.82477646247555,2.90145832139611,"Neutral","Neutral Root Key"
"technology transfer",0,1,0,17,129,26,172,26.1743283479501,92.1300910307423,38.6486093090577,"Knowledge Transfer","Knowledge Transfer Root Key"
"technology transfer offices",0,1,0,4,28,5,37,8.67222121383656,38.5733160717331,11.0124415853005,"Knowledge Transfer","Knowledge Transfer Root Key"
"telecommunication",0,0,0,3,0,1,4,6.87898212020232,0,2.90145832139611,"Co-creation","Co-occurred Key"
"tertiary education",0,0,0,0,0,3,3,0,0,7.27301120002935,"Neutral","Co-occurred Key"
"testbed",0,0,0,1,1,2,4,2.7701152947871,2.82477646247555,5.20085665146426,"Neutral","Co-occurred Key"
"thematic clusters",0,0,1,0,0,1,1,0,0,2.90145832139611,"Neutral","Neutral Root Key"
"trade secrets",0,1,0,0,1,0,1,0,2.82477646247555,0,"Knowledge Transfer","Knowledge Transfer Root Key"
"trademark applications",0,0,1,0,0,2,2,0,0,5.20085665146426,"Neutral","Neutral Root Key"
"trademarks",0,0,1,0,7,13,20,0,13.857748957229,23.2376945981606,"Neutral","Neutral Root Key"
"training",0,0,0,38,53,69,160,45.2326045304711,58.3265314223621,73.3200369154611,"Neutral","Co-occurred Key"
"training centres",0,0,0,1,1,1,3,2.7701152947871,2.82477646247555,2.90145832139611,"Neutral","Co-occurred Key"
"transaction costs",0,0,0,0,1,1,2,0,2.82477646247555,2.90145832139611,"Neutral","Co-occurred Key"
"transparency",0,0,0,9,11,13,33,16.34285506813,19.6172215504905,23.2376945981606,"Neutral","Co-occurred Key"
"transportation infrastructure",0,0,0,1,0,0,1,2.7701152947871,0,0,"Co-creation","Co-occurred Key"
"triple helix",1,0,0,4,1,0,5,8.67222121383656,2.82477646247555,0,"Co-creation","Cocreate Root Key"
"trust",1,0,0,39,6,4,49,45.9829768226635,12.2797512725514,9.1975933202726,"Co-creation","Cocreate Root Key"
"type of innovation",0,0,0,0,1,0,1,0,2.82477646247555,0,"Knowledge Transfer","Co-occurred Key"
"uncertainty",0,0,0,2,0,1,3,4.93817059824624,0,2.90145832139611,"Co-creation","Co-occurred Key"
"university funding",0,0,0,0,1,0,1,0,2.82477646247555,0,"Knowledge Transfer","Co-occurred Key"
"urbanisation",0,0,0,0,0,1,1,0,0,2.90145832139611,"Neutral","Co-occurred Key"
"user-driven innovation",0,0,1,1,1,1,3,2.7701152947871,2.82477646247555,2.90145832139611,"Neutral","Neutral Root Key"
"utility models",0,0,0,1,2,4,7,2.7701152947871,5.04749293362313,9.1975933202726,"Neutral","Co-occurred Key"
"valley of death",0,0,0,1,4,1,6,2.7701152947871,8.89086588459033,2.90145832139611,"Knowledge Transfer","Co-occurred Key"
"value chains",1,0,0,48,5,7,60,52.2659547557527,10.6290322906976,14.394521969673,"Co-creation","Cocreate Root Key"
"value for money",0,0,0,19,33,18,70,28.3358721828512,43.1066632457227,29.6313446932705,"Knowledge Transfer","Co-occurred Key"
"venture capital",0,0,0,4,11,36,51,8.67222121383656,19.6172215504905,48.4256095426377,"Neutral","Co-occurred Key"
"virtual",0,0,0,2,2,1,5,4.93817059824624,5.04749293362313,2.90145832139611,"Knowledge Transfer","Co-occurred Key"
"vocational education and training",0,0,0,2,1,2,5,4.93817059824624,2.82477646247555,5.20085665146426,"Neutral","Co-occurred Key"
"vocational skills",0,1,0,0,1,0,1,0,2.82477646247555,0,"Knowledge Transfer","Knowledge Transfer Root Key"
"welfare",0,0,0,1,0,0,1,2.7701152947871,0,0,"Co-creation","Co-occurred Key"
"well-being",0,0,0,4,8,6,18,8.67222121383656,15.3734918038688,12.7398424260748,"Knowledge Transfer","Co-occurred Key"
"whole-of-government",0,0,0,1,2,1,4,2.7701152947871,5.04749293362313,2.90145832139611,"Knowledge Transfer","Co-occurred Key"
"work place",0,0,0,8,7,4,19,14.9362024623613,13.857748957229,9.1975933202726,"Co-creation","Co-occurred Key"
"worker productivity",0,0,0,0,1,0,1,0,2.82477646247555,0,"Knowledge Transfer","Co-occurred Key"
"young firms",0,0,0,0,2,6,8,0,5.04749293362313,12.7398424260748,"Neutral","Co-occurred Key"
